H;E;Q;speed_mm_min
2.0;E1;0.35;4.629270753289537
2.0;E1;0.5;4.710280373831775
2.0;E1;0.6;4.754716981132075
2.0;E3;0.35;5.383092196500787
2.0;E3;0.5;5.893947360664853
2.0;E3;0.6;6.234517470107564
2.0;E5;0.35;5.955887536876665
2.0;E5;0.5;6.052469496934124
2.0;E5;0.6;6.052469496934124
3.0;E1;0.35;6.068493026717888
3.0;E1;0.5;6.299517826929937
3.0;E1;0.6;6.344069898066454
3.0;E2;0.35;5.0
3.0;E2;0.5;5.294117647058823
3.0;E2;0.6;5.294117647058823
3.0;E3;0.35;6.475
3.0;E3;0.5;6.475
3.0;E3;0.6;6.475
4.0;E1;0.35;6.024864798537993
4.0;E1;0.5;6.206896551724138
4.0;E1;0.6;6.305220883534137
5.0;E1;0.35;5.020866064156877
5.0;E1;0.5;5.274725274725275
5.0;E1;0.6;5.595979302231025
5.0;E2;0.35;3.3377625654270204
5.0;E2;0.5;3.343898158378173
5.0;E2;0.6;3.6061186914309795
5.0;E3;0.35;4.11530116998987
5.0;E3;0.5;4.450735058338799
5.0;E3;0.6;5.167184551239851
6.0;E1;0.35;4.948179680255467
6.0;E1;0.5;5.406268392967848
6.0;E1;0.6;5.59039445853339
6.0;E2;0.35;5.310218978102189
6.0;E2;0.5;5.762892342642939
6.0;E2;0.6;5.901446221530837
6.0;E3;0.35;4.688297118015541
6.0;E3;0.5;4.797672452537474
6.0;E3;0.6;4.925911775087073
7.0;E1;0.35;4.787239047026421
7.0;E1;0.5;5.551191639658266
7.0;E1;0.6;5.694736879792
7.0;E2;0.35;5.663716814159292
7.0;E2;0.5;5.977099236641221
7.0;E2;0.6;6.274673761730611
7.0;E3;0.35;4.2676539091581365
7.0;E3;0.5;4.343697189934179
7.0;E3;0.6;4.458013596767806
8.0;E1;0.35;3.667598970171481
8.0;E1;0.5;4.113931179653128
8.0;E1;0.6;4.677790492993185
8.0;E2;0.35;5.689655172413793
8.0;E2;0.5;5.892857142857143
8.0;E2;0.6;6.104462809917355
8.0;E3;0.35;4.888101027695336
8.0;E3;0.5;5.192150650749071
8.0;E3;0.6;5.440267097451243
8.0;E4;0.35;3.604684828322315
8.0;E4;0.5;3.623188233969387
8.0;E4;0.6;3.6355238377341017
9.0;E1;0.35;4.100289072852233
9.0;E1;0.5;4.553199920744998
9.0;E1;0.6;4.899934244685665
9.0;E2;0.35;5.588836958056041
9.0;E2;0.5;5.760702412266657
9.0;E2;0.6;5.858473828839447
9.53;E3;0.35;5.696507042253521
9.53;E3;0.5;5.696507042253521
9.53;E3;0.6;5.696507042253521
10.0;E1;0.35;4.215802888700084
10.0;E1;0.5;4.712462686567164
10.0;E1;0.6;5.02262443438914
10.0;E2;0.35;5.586894920246882
10.0;E2;0.5;5.944186046511628
10.0;E2;0.6;6.089172592475766
10.0;E3;0.35;4.8208897671564515
10.0;E3;0.5;5.187775636112139
10.0;E3;0.6;5.256716095771916
10.0;E4;0.35;3.2871400678089193
10.0;E4;0.5;4.242829146865931
10.0;E4;0.6;4.879955199570606
11.0;E1;0.35;3.957560140158488
11.0;E1;0.5;4.090903743773661
11.0;E1;0.6;4.187785057847306
11.0;E2;0.35;5.624423832659109
11.0;E2;0.5;5.693968485922282
11.0;E2;0.6;6.170763260025873
11.0;E3;0.35;4.238630335903161
11.0;E3;0.5;4.918164804024885
11.0;E3;0.6;5.022314176345412
11.09;E1;0.35;3.79201707396597
11.09;E1;0.5;3.79201707396597
11.09;E1;0.6;3.79201707396597
11.09;E3;0.35;4.454262168970332
11.09;E3;0.5;4.459872070946365
11.09;E3;0.6;4.463612005597054
12.0;E1;0.35;3.9632725932336763
12.0;E1;0.5;4.177166313741385
12.0;E1;0.6;4.4640158987127805
12.0;E2;0.35;4.695652173913044
12.0;E2;0.5;4.9964100912777
12.0;E2;0.6;5.252636249804761
12.0;E3;0.35;3.916425478675689
12.0;E3;0.5;4.777687083250051
12.0;E3;0.6;5.048410165274778
13.0;E1;0.35;5.16
13.0;E1;0.5;5.44300754066343
13.0;E1;0.6;5.578526315789474
13.0;E2;0.35;5.684541067681922
13.0;E2;0.5;5.687060187663135
13.0;E2;0.6;5.694932496785561
13.0;E3;0.35;3.401061151079136
13.0;E3;0.5;3.401061151079136
13.0;E3;0.6;3.401061151079136
14.0;E1;0.35;4.713792503682177
14.0;E1;0.5;4.834679916910584
14.0;E1;0.6;5.261702823068703
14.0;E2;0.35;4.444444444444445
14.0;E2;0.5;4.473988439306359
14.0;E2;0.6;4.526315789473684
14.0;E3;0.35;4.4880808616306656
14.0;E3;0.5;5.264237652928181
14.0;E3;0.6;5.74468085106383
15.0;E1;0.35;3.929471032745592
15.0;E1;0.5;4.2775646358899815
15.0;E1;0.6;4.515941247587804
15.0;E2;0.35;4.891566265060241
15.0;E2;0.5;5.349306431273645
15.0;E2;0.6;5.671596758206934
15.0;E3;0.35;3.997281560219098
15.0;E3;0.5;4.161500171096094
15.0;E3;0.6;4.708989678247042
15.0;E4;0.35;5.547765807475019
15.0;E4;0.5;5.547765807475019
15.0;E4;0.6;5.547765807475019
15.0;E5;0.35;5.943815005606436
15.0;E5;0.5;5.943815005606436
15.0;E5;0.6;5.943815005606436
16.0;E1;0.35;4.234901797673574
16.0;E1;0.5;4.466122469122539
16.0;E1;0.6;4.723165488928154
16.0;E2;0.35;4.751578320428826
16.0;E2;0.5;5.1716417910447765
16.0;E2;0.6;5.369873905868794
16.0;E3;0.35;4.683558059226698
16.0;E3;0.5;4.761637742912279
16.0;E3;0.6;4.774262334347493
16.0;E5;0.35;5.698562440819679
16.0;E5;0.5;5.698562440819679
16.0;E5;0.6;5.698562440819679
16.0;E6;0.35;4.839255406092902
16.0;E6;0.5;4.839255406092902
16.0;E6;0.6;4.839255406092902
16.0;E7;0.35;4.839255406092902
16.0;E7;0.5;4.839255406092902
16.0;E7;0.6;4.839255406092902
17.0;E1;0.35;3.7
17.0;E1;0.5;4.111111111111111
17.0;E1;0.6;4.281553398058253
17.0;E2;0.35;4.512763902515703
17.0;E2;0.5;4.770446161411063
17.0;E2;0.6;5.183114795528682
17.0;E3;0.35;4.194461538461539
17.0;E3;0.5;5.897456453055467
17.0;E3;0.6;6.007012215918066
18.0;E1;0.35;3.7181889740171017
18.0;E1;0.5;3.9797162759853517
18.0;E1;0.6;4.35273183877448
18.0;E2;0.35;4.337142857142857
18.0;E2;0.5;4.977049180327869
18.0;E2;0.6;5.268069861173309
18.0;E3;0.35;5.231899395272127
18.0;E3;0.5;5.376302160842908
18.0;E3;0.6;5.528301886792453
19.0;E1;0.35;3.794432800001008
19.0;E1;0.5;3.900818766356177
19.0;E1;0.6;4.317305914572904
19.0;E2;0.35;4.538268363817396
19.0;E2;0.5;5.628520572290992
19.0;E2;0.6;5.716124005322757
19.0;E3;0.35;5.500016971347915
19.0;E3;0.5;5.543290043290043
19.0;E3;0.6;5.571428571428571
20.0;E1;0.35;4.166178852917979
20.0;E1;0.5;4.567926261421057
20.0;E1;0.6;4.784170285026715
20.0;E2;0.35;4.65454545166472
20.0;E2;0.5;5.04828408286664
20.0;E2;0.6;5.318181818181818
20.0;E3;0.35;4.398640521064301
20.0;E3;0.5;4.764271615832813
20.0;E3;0.6;4.9821082512412165
20.0;E4;0.35;6.2991840956294425
20.0;E4;0.5;6.343929413950968
20.0;E4;0.6;6.359477096581752
20.0;E501;0.35;4.43311397112413
20.0;E501;0.5;4.988968809517951
20.0;E501;0.6;5.359538701780498
20.0;E6;0.35;3.882628818991288
20.0;E6;0.5;3.882628818991288
20.0;E6;0.6;3.882628818991288
21.0;E1;0.35;4.397864661654135
21.0;E1;0.5;4.646361992501853
21.0;E1;0.6;4.845274085478091
21.0;E2;0.35;4.250616473764464
21.0;E2;0.5;4.841550818950519
21.0;E2;0.6;5.092558069280085
21.0;E3;0.35;4.8743
21.0;E3;0.5;4.91526050420168
21.0;E3;0.6;5.0345017538688275
22.0;E1;0.35;3.757913491328271
22.0;E1;0.5;3.7954926262415536
22.0;E1;0.6;3.9493559113624284
22.0;E2;0.35;4.9298545108934055
22.0;E2;0.5;5.319761391645011
22.0;E2;0.6;5.510371423207307
22.0;E3;0.35;3.491500734068097
22.0;E3;0.5;3.6274108695652174
22.0;E3;0.6;3.699306106520988
23.0;E1;0.35;3.9652486761459644
23.0;E1;0.5;4.522956882111143
23.0;E1;0.6;4.874384421204471
23.0;E2;0.35;4.759945943965781
23.0;E2;0.5;5.084232765729733
23.0;E2;0.6;5.261205768399544
23.0;E3;0.35;3.2368113548232658
23.0;E3;0.5;3.2547693137752693
23.0;E3;0.6;3.272727272727273
23.0;E4;0.35;4.984898493343174
23.0;E4;0.5;4.984898493343174
23.0;E4;0.6;5.100949040278147
23.0;E5;0.35;4.703802759095481
23.0;E5;0.5;4.714599551962571
23.0;E5;0.6;4.721797413873965
24.0;E1;0.35;3.958838951310861
24.0;E1;0.5;4.260311118005928
24.0;E1;0.6;4.530375988476654
24.0;E2;0.35;4.514917127071824
24.0;E2;0.5;5.330578512396694
24.0;E2;0.6;5.592168365387946
24.0;E3;0.35;3.418980975752356
24.0;E3;0.5;3.902809311164568
24.0;E3;0.6;3.935327812473365
25.0;E1;0.35;3.721178418115026
25.0;E1;0.5;3.8909535611588866
25.0;E1;0.6;4.152276310888035
25.0;E2;0.35;3.942260869565217
25.0;E2;0.5;4.30028328611898
25.0;E2;0.6;4.600265097840006
25.0;E3;0.35;3.8694553114676062
25.0;E3;0.5;4.561167537456693
25.0;E3;0.6;4.867680575203428
25.0;E5;0.35;5.808782721817074
25.0;E5;0.5;5.808782721817074
25.0;E5;0.6;5.808782721817074
25.0;E7;0.35;5.985908450704225
25.0;E7;0.5;5.985908450704225
25.0;E7;0.6;5.985908450704225
26.0;E1;0.35;3.976566656541874
26.0;E1;0.5;4.385205580202832
26.0;E1;0.6;4.779928825622775
26.0;E2;0.35;4.1040237969274616
26.0;E2;0.5;4.491124260355029
26.0;E2;0.6;4.785836750039504
26.0;E3;0.35;3.638239138676169
26.0;E3;0.5;3.7812296774825036
26.0;E3;0.6;3.9809408382498077
27.0;E1;0.35;3.789038262668046
27.0;E1;0.5;3.8664475005820544
27.0;E1;0.6;4.228545292004008
27.0;E2;0.35;4.421903964808909
27.0;E2;0.5;4.816537276616225
27.0;E2;0.6;5.295468461384568
27.0;E3;0.35;3.9568755331089713
27.0;E3;0.5;4.595307380806483
27.0;E3;0.6;4.745167330260395
28.0;E1;0.35;3.58311938989628
28.0;E1;0.5;4.004056795131846
28.0;E1;0.6;4.258064516129032
28.0;E2;0.35;4.34381898454746
28.0;E2;0.5;4.773612842350445
28.0;E2;0.6;5.20750888023756
28.0;E3;0.35;4.576271186440678
28.0;E3;0.5;4.615384615384615
28.0;E3;0.6;4.694199672667757
28.0;E4;0.35;4.0153649133578835
28.0;E4;0.5;4.165919871323515
28.0;E4;0.6;4.830392702564646
29.0;E1;0.35;3.5384615384615383
29.0;E1;0.5;3.616583162217659
29.0;E1;0.6;4.0441457827143354
29.0;E2;0.35;4.053980278616708
29.0;E2;0.5;4.76390977443609
29.0;E2;0.6;5.182978723404255
29.0;E3;0.35;4.6493117514304
29.0;E3;0.5;4.714845244856521
29.0;E3;0.6;4.74713870543773
30.0;E1;0.35;3.64469767137019
30.0;E1;0.5;4.049244219066729
30.0;E1;0.6;4.373298154853767
30.0;E2;0.35;4.306451397991141
30.0;E2;0.5;4.731958762886598
30.0;E2;0.6;5.141892639634454
30.0;E3;0.35;3.704513993437167
30.0;E3;0.5;4.2016713091922
30.0;E3;0.6;4.632669472097272
30.0;E4;0.35;5.063597268903803
30.0;E4;0.5;5.564585519697803
30.0;E4;0.6;6.065573770491803
30.0;E5;0.35;3.442319496231284
30.0;E5;0.5;3.442319496231284
30.0;E5;0.6;3.442319496231284
30.0;E502;0.35;4.808351862145637
30.0;E502;0.5;4.934997220678154
30.0;E502;0.6;5.019427459699832
31.0;E1;0.35;3.2748158853436675
31.0;E1;0.5;3.3114512779855096
31.0;E1;0.6;3.572640410958904
31.0;E2;0.35;3.806212445774783
31.0;E2;0.5;5.139240506329114
31.0;E2;0.6;5.417505643137074
31.0;E3;0.35;3.231145835451745
31.0;E3;0.5;3.7597342165864163
31.0;E3;0.6;4.112126470676197
32.0;E1;0.35;3.51123677317542
32.0;E1;0.5;3.786957975021638
32.0;E1;0.6;4.047237430423053
32.0;E2;0.35;4.090508478370444
32.0;E2;0.5;4.3508522727272725
32.0;E2;0.6;4.521665467901293
32.0;E3;0.35;3.401090142328471
32.0;E3;0.5;3.7912612113416384
32.0;E3;0.6;4.138615612906404
33.0;E1;0.35;3.5522471254284316
33.0;E1;0.5;3.746685398455617
33.0;E1;0.6;3.9695364238410593
33.0;E2;0.35;4.383508512253101
33.0;E2;0.5;4.761531367719291
33.0;E2;0.6;5.055611469494627
33.0;E3;0.35;4.974898083514489
33.0;E3;0.5;5.285777399548461
33.0;E3;0.6;5.493030276904442
34.0;E1;0.35;3.388704318936877
34.0;E1;0.5;3.661104271971933
34.0;E1;0.6;3.819245684204072
34.0;E2;0.35;3.797043594377042
34.0;E2;0.5;4.2051522786785975
34.0;E2;0.6;4.6089860761320205
34.0;E3;0.35;4.417743516148887
34.0;E3;0.5;4.677042210523876
34.0;E3;0.6;4.710500217539434
35.0;E1;0.35;3.5312617690215014
35.0;E1;0.5;3.8080995024875626
35.0;E1;0.6;4.027588145166065
35.0;E2;0.35;3.6211975921285706
35.0;E2;0.5;4.062447516245302
35.0;E2;0.6;4.4053277311296455
35.0;E3;0.35;3.4733450555310688
35.0;E3;0.5;3.6
35.0;E3;0.6;3.8025185573201434
35.0;E4;0.35;5.781693116294413
35.0;E4;0.5;5.781693116294413
35.0;E4;0.6;5.781693116294413
36.0;E1;0.35;3.4856894153913984
36.0;E1;0.5;3.704272199419786
36.0;E1;0.6;3.8392375539664383
36.0;E2;0.35;3.936305732484077
36.0;E2;0.5;4.426934097421204
36.0;E2;0.6;4.7368421052631575
36.0;E3;0.35;3.782464703412384
36.0;E3;0.5;4.040120782247602
36.0;E3;0.6;4.453322037877951
37.0;E1;0.35;3.482076615533409
37.0;E1;0.5;3.6652124048120935
37.0;E1;0.6;3.808111782473516
37.0;E2;0.35;3.7441426572452614
37.0;E2;0.5;4.105263157894737
37.0;E2;0.6;4.811374362979613
37.0;E3;0.35;3.390181682199297
37.0;E3;0.5;3.468668446765309
37.0;E3;0.6;3.540392871469647
37.0;E4;0.35;6.456953642384106
37.0;E4;0.5;6.456953642384106
37.0;E4;0.6;6.456953642384106
37.98;E2;0.35;3.675889328063241
37.98;E2;0.5;3.675889328063241
37.98;E2;0.6;3.675889328063241
37.98;E3;0.35;4.471153846153846
37.98;E3;0.5;4.471153846153846
37.98;E3;0.6;4.471153846153846
38.0;E1;0.35;3.4984054465575225
38.0;E1;0.5;3.6553920776071136
38.0;E1;0.6;3.689122071909302
38.0;E2;0.35;3.875143421793104
38.0;E2;0.5;4.274678111587983
38.0;E2;0.6;4.553571428571429
38.0;E3;0.35;3.4201556013560035
38.0;E3;0.5;3.4442412041824544
38.0;E3;0.6;3.468668446765309
38.0;E4;0.35;4.034954098897351
38.0;E4;0.5;4.193428667671773
38.0;E4;0.6;4.299078380188055
39.0;E1;0.35;3.1718239554966807
39.0;E1;0.5;3.266497399112709
39.0;E1;0.6;3.319852166067363
39.0;E2;0.35;3.8278229908443535
39.0;E2;0.5;3.951659884033516
39.0;E2;0.6;4.870998147478143
39.0;E3;0.35;3.437384771960597
39.0;E3;0.5;3.582146462556889
39.0;E3;0.6;3.732344048653345
40.0;E1;0.35;3.470452083762449
40.0;E1;0.5;3.709612284124317
40.0;E1;0.6;3.836866317086928
40.0;E2;0.35;4.167594484960638
40.0;E2;0.5;4.600477749127257
40.0;E2;0.6;4.903846153846154
40.0;E3;0.35;3.5231884281718693
40.0;E3;0.5;3.7572410111754895
40.0;E3;0.6;4.008399371200371
40.0;E4;0.35;4.046610186881554
40.0;E4;0.5;4.774660599060979
40.0;E4;0.6;4.946684525411996
40.0;E5;0.35;6.159633865071072
40.0;E5;0.5;6.188835820895522
40.0;E5;0.6;6.188835820895522
41.0;E1;0.35;3.344270807492953
41.0;E1;0.5;3.7357414247199054
41.0;E1;0.6;4.064988231479953
41.0;E2;0.35;4.483974826262272
41.0;E2;0.5;4.7023809523809526
41.0;E2;0.6;5.260297768132834
41.0;E3;0.35;3.5375552762055835
41.0;E3;0.5;3.547004149377593
41.0;E3;0.6;3.551916897506925
41.0;E4;0.35;3.5752982706969125
41.0;E4;0.5;3.5752982706969125
41.0;E4;0.6;3.5752982706969125
42.0;E1;0.35;3.5623304260836064
42.0;E1;0.5;3.695142857142857
42.0;E1;0.6;3.8649326134256334
42.0;E2;0.35;3.5218768042725173
42.0;E2;0.5;3.896668088509148
42.0;E2;0.6;4.402451958958423
42.0;E3;0.35;3.925753618788315
42.0;E3;0.5;4.281539312986181
42.0;E3;0.6;4.5187297757847595
42.0;E4;0.35;6.027397260273973
42.0;E4;0.5;6.027397260273973
42.0;E4;0.6;6.027397260273973
43.0;E1;0.35;3.5904543410158016
43.0;E1;0.5;3.84887459807074
43.0;E1;0.6;4.101983134887528
43.0;E2;0.35;3.7811034573572226
43.0;E2;0.5;3.925154269163704
43.0;E2;0.6;4.056863913144427
43.0;E3;0.35;3.509680488875262
43.0;E3;0.5;3.664167455594716
43.0;E3;0.6;3.698895309236664
43.0;E5;0.35;6.289891361897238
43.0;E5;0.5;6.289891361897238
43.0;E5;0.6;6.289891361897238
44.0;E1;0.35;3.410928096512696
44.0;E1;0.5;3.5802238741486496
44.0;E1;0.6;3.9039408970393286
44.0;E2;0.35;3.9705882352941178
44.0;E2;0.5;4.7368421052631575
44.0;E2;0.6;5.070422535211268
44.0;E3;0.35;3.949942404633642
44.0;E3;0.5;4.157139162368349
44.0;E3;0.6;4.174646896115225
44.56;E2;0.35;4.961825278945966
44.56;E2;0.5;5.0024561660877325
44.56;E2;0.6;5.0243284195529645
44.56;E3;0.35;3.39166785115685
44.56;E3;0.5;3.4235691140258857
44.56;E3;0.6;3.434366510785573
45.0;E1;0.35;3.3545329087469296
45.0;E1;0.5;3.479642679962243
45.0;E1;0.6;3.5915785369941196
45.0;E2;0.35;3.750490472687221
45.0;E2;0.5;4.206199512221116
45.0;E2;0.6;4.657522842639594
45.0;E3;0.35;4.046472163639083
45.0;E3;0.5;4.385192333658307
45.0;E3;0.6;4.747572815533981
45.0;E4;0.35;3.9776872685556177
45.0;E4;0.5;3.981610810939279
45.0;E4;0.6;3.981610810939279
46.0;E1;0.35;3.5001465547014456
46.0;E1;0.5;3.9768561872909705
46.0;E1;0.6;4.399279151851552
46.0;E2;0.35;4.009776032090924
46.0;E2;0.5;4.3350208526413345
46.0;E2;0.6;4.574999999999999
46.0;E3;0.35;3.7004606133887448
46.0;E3;0.5;3.741760397020316
46.0;E3;0.6;3.898392227593259
46.0;E4;0.35;5.233227316899947
46.0;E4;0.5;5.233227316899947
46.0;E4;0.6;5.233227316899947
47.0;E1;0.35;3.566927422859626
47.0;E1;0.5;4.6836233824185625
47.0;E1;0.6;4.799999999999999
47.0;E2;0.35;3.3373859735995715
47.0;E2;0.5;3.794117647058824
47.0;E2;0.6;4.03125
47.0;E3;0.35;4.289336661460236
47.0;E3;0.5;5.053058984892791
47.0;E3;0.6;5.562207200514493
47.0;E4;0.35;5.496045735790868
47.0;E4;0.5;5.496045735790868
47.0;E4;0.6;5.496045735790868
48.0;E1;0.35;3.25369337979094
48.0;E1;0.5;3.273657203428887
48.0;E1;0.6;3.2845961781232202
48.0;E2;0.35;3.759146341463415
48.0;E2;0.5;3.912772585669782
48.0;E2;0.6;4.346280991735537
48.0;E3;0.35;3.831337303219839
48.0;E3;0.5;3.838247621195028
48.0;E3;0.6;3.8451579391702166
49.0;E2;0.35;6.117941502865804
49.0;E2;0.5;6.122800868634561
49.0;E2;0.6;6.126040445813733
50.0;E1;0.35;3.3204373423044573
50.0;E1;0.5;3.6120408163265303
50.0;E1;0.6;3.794247981686463
50.0;E2;0.35;3.949499512259377
50.0;E2;0.5;4.35143289701118
50.0;E2;0.6;4.798745464395643
50.0;E3;0.35;3.445475645081221
50.0;E3;0.5;3.885260112078499
50.0;E3;0.6;4.17910447761194
50.0;E4;0.35;6.396980570091571
50.0;E4;0.5;6.40993143533555
50.0;E4;0.6;6.40993143533555
50.0;E5;0.35;4.595664741690334
50.0;E5;0.5;4.608600338544173
50.0;E5;0.6;4.608600338544173
50.0;E501;0.35;3.128498004709708
50.0;E501;0.5;3.1319876845811074
50.0;E501;0.6;3.1354773644525067
50.0;E6;0.35;4.623664315789263
50.0;E6;0.5;4.623664315789263
50.0;E6;0.6;4.623664315789263
51.0;E1;0.35;3.103641573231583
51.0;E1;0.5;3.4438203592814376
51.0;E1;0.6;4.022781463160635
51.0;E2;0.35;3.579723177109818
51.0;E2;0.5;3.771798742650719
51.0;E2;0.6;3.9691685624421935
51.0;E3;0.35;4.783578034682081
51.0;E3;0.5;4.869510574227268
51.0;E3;0.6;4.955443113772455
52.0;E1;0.35;3.433188398040103
52.0;E1;0.5;3.715116279069768
52.0;E1;0.6;3.939141069144855
52.0;E2;0.35;3.783755318755016
52.0;E2;0.5;4.4035863545779685
52.0;E2;0.6;4.57843867519723
52.0;E3;0.35;4.253235222896491
52.0;E3;0.5;5.253904848835237
52.0;E3;0.6;5.921017932794402
52.0;E4;0.35;5.917758818702361
52.0;E4;0.5;5.934887033248356
52.0;E4;0.6;5.952015247794351
52.8;E1;0.35;3.758486692015209
52.8;E1;0.5;3.758486692015209
52.8;E1;0.6;3.758486692015209
53.0;E1;0.35;3.5946418051323636
53.0;E1;0.5;4.1192897531138915
53.0;E1;0.6;4.135602836879433
53.0;E2;0.35;3.5957435138476264
53.0;E2;0.5;4.687310144952892
53.0;E2;0.6;4.823569160794547
53.0;E3;0.35;3.9803633327337473
53.0;E3;0.5;4.14826947828331
53.0;E3;0.6;4.173538124851533
53.0;E4;0.35;6.14558441227157
53.0;E4;0.5;6.14558441227157
53.0;E4;0.6;6.14558441227157
54.0;E1;0.35;3.304742629482072
54.0;E1;0.5;3.4776579140923802
54.0;E1;0.6;3.742581818181818
54.0;E2;0.35;3.563959793647629
54.0;E2;0.5;3.765765820545615
54.0;E2;0.6;4.091284519142033
54.0;E3;0.35;6.259969232127725
54.0;E3;0.5;6.259969232127725
54.0;E3;0.6;6.259969232127725
54.0;E502;0.35;3.435114503816794
54.0;E502;0.5;3.5068216654272835
54.0;E502;0.6;3.5785288270377733
55.0;E1;0.35;3.612601103970229
55.0;E1;0.5;3.9375
55.0;E1;0.6;4.050281524926687
55.0;E2;0.35;3.9914107996030177
55.0;E2;0.5;4.464
55.0;E2;0.6;4.824362811270996
55.0;E3;0.35;3.99528123097224
55.0;E3;0.5;4.002871073127078
55.0;E3;0.6;4.267354769310845
56.0;E1;0.35;3.3631863354037264
56.0;E1;0.5;3.870819087988518
56.0;E1;0.6;4.064536082474227
56.0;E2;0.35;3.503014493210121
56.0;E2;0.5;4.221354174096248
56.0;E2;0.6;4.555401392293249
56.0;E3;0.35;4.910855123961301
56.0;E3;0.5;4.912022661258157
56.0;E3;0.6;4.913190198555013
56.0;E4;0.35;5.433962264150943
56.0;E4;0.5;5.433962264150943
56.0;E4;0.6;5.433962264150943
56.0;E5;0.35;5.624226118607929
56.0;E5;0.5;5.624226118607929
56.0;E5;0.6;5.624226118607929
56.0;E6;0.35;5.009597722668181
56.0;E6;0.5;5.009597722668181
56.0;E6;0.6;5.009597722668181
56.0;E7;0.35;4.723759469696948
56.0;E7;0.5;4.723759469696948
56.0;E7;0.6;4.723759469696948
57.0;E1;0.35;3.2987551867219915
57.0;E1;0.5;3.3201920668058458
57.0;E1;0.6;3.347368421052632
57.0;E2;0.35;3.779292591823615
57.0;E2;0.5;3.8514063020562914
57.0;E2;0.6;3.940520547657016
57.0;E3;0.35;3.509823983628075
57.0;E3;0.5;4.6781613670104445
57.0;E3;0.6;5.457052955932024
58.0;E1;0.35;4.355226369574398
58.0;E1;0.5;4.692394018105309
58.0;E1;0.6;5.101943815853269
58.0;E2;0.35;4.056757360668883
58.0;E2;0.5;4.342643896570312
58.0;E2;0.6;4.424580573864092
58.0;E3;0.35;3.4157915752561805
58.0;E3;0.5;3.4303790557542313
58.0;E3;0.6;3.4525663071939237
60.0;E1;0.35;3.722646909348379
60.0;E1;0.5;4.383370866421714
60.0;E1;0.6;4.632443531827515
60.0;E2;0.35;3.849526153846154
60.0;E2;0.5;4.544255033557047
60.0;E2;0.6;4.913094046471392
60.0;E3;0.35;4.310728604230002
60.0;E3;0.5;5.156139591080235
60.0;E3;0.6;5.354016704086479
60.0;E4;0.35;5.51148898678414
60.0;E4;0.5;5.595818181818182
60.0;E4;0.6;5.687766908359031
60.0;E5;0.35;5.389952575591034
60.0;E5;0.5;5.4573173974621545
60.0;E5;0.6;5.4573173974621545
61.0;E1;0.35;3.752648685360977
61.0;E1;0.5;3.752648685360977
61.0;E1;0.6;3.752648685360977
61.0;E2;0.35;3.9904316011392056
61.0;E2;0.5;4.229419624894544
61.0;E2;0.6;4.28206800196792
62.0;E1;0.35;3.3164623115577894
62.0;E1;0.5;3.350131979695432
62.0;E1;0.6;3.5740178571428576
62.0;E2;0.35;3.8480134359709486
62.0;E2;0.5;4.584557753140644
62.0;E2;0.6;4.957286025753705
62.0;E3;0.35;4.386784702879588
62.0;E3;0.5;4.821651159674867
62.0;E3;0.6;5.241371184822684
62.0;E4;0.35;3.69396504356846
62.0;E4;0.5;4.033889076603791
62.0;E4;0.6;4.345603681291185
63.0;E1;0.35;3.4798697314076694
63.0;E1;0.5;3.8405677867845474
63.0;E1;0.6;4.758309798201695
63.0;E2;0.35;3.3620111731843574
63.0;E2;0.5;3.531766173297769
63.0;E2;0.6;3.611546187657245
63.0;E3;0.35;5.502591917485439
63.0;E3;0.5;5.601476014760148
63.0;E3;0.6;5.650011980639287
64.0;E1;0.35;3.4326625766871173
64.0;E1;0.5;3.6864406779661016
64.0;E1;0.6;3.794860103626944
64.0;E2;0.35;3.789935273066257
64.0;E2;0.5;4.244384722274003
64.0;E2;0.6;4.54291657315907
64.0;E3;0.35;4.534683833393761
64.0;E3;0.5;4.641131810703474
64.0;E3;0.6;4.824033556938094
64.0;E4;0.35;3.326641999325555
64.0;E4;0.5;4.799634189965155
64.0;E4;0.6;5.781628983724888
65.0;E1;0.35;3.6276546491255774
65.0;E1;0.5;3.720488331091391
65.0;E1;0.6;3.7800161443888527
65.0;E2;0.35;4.907425027804029
65.0;E2;0.5;5.05176105803356
65.0;E2;0.6;5.178689727833398
65.0;E3;0.35;4.293996899328525
65.0;E3;0.5;5.31327889198777
65.0;E3;0.6;5.82631177848494
66.0;E1;0.35;3.326923076923077
66.0;E1;0.5;3.3538051988725335
66.0;E1;0.6;3.707413059427733
66.0;E2;0.35;3.818526116458892
66.0;E2;0.5;4.182424384987807
66.0;E2;0.6;4.245837098805114
66.0;E3;0.35;3.9738960704808606
66.0;E3;0.5;4.038364410886859
66.0;E3;0.6;4.038364410886859
66.0;E4;0.35;6.079068005844536
66.0;E4;0.5;6.283276206446078
66.0;E4;0.6;6.32030206800823
67.0;E1;0.35;3.3793333333333333
67.0;E1;0.5;3.449616
67.0;E1;0.6;3.452380952380953
67.0;E2;0.35;3.1861800574417822
67.0;E2;0.5;3.245561711972868
67.0;E2;0.6;3.2956283649231897
67.0;E3;0.35;5.239997886858805
67.0;E3;0.5;5.332346180397063
67.0;E3;0.6;5.393911709422569
67.0;E4;0.35;5.531719066075146
67.0;E4;0.5;6.35795419617913
67.0;E4;0.6;6.35795419617913
68.0;E1;0.35;3.3238546603475507
68.0;E1;0.5;3.415841584158416
68.0;E1;0.6;3.528912694012415
68.0;E2;0.35;3.345357671394337
68.0;E2;0.5;3.9778694815169535
68.0;E2;0.6;4.302782373503139
69.0;E1;0.35;4.2647007168172735
69.0;E1;0.5;4.305543753538588
69.0;E1;0.6;4.332772444686132
69.0;E2;0.35;4.045419254658385
69.0;E2;0.5;5.237103623083264
69.0;E2;0.6;5.273741796578085
70.0;E1;0.35;3.589165535009456
70.0;E1;0.5;4.029731994059098
70.0;E1;0.6;4.23021582733813
70.0;E2;0.35;3.5259678086142765
70.0;E2;0.5;4.271553056076123
70.0;E2;0.6;4.45193310426622
70.0;E3;0.35;5.661703768311897
70.0;E3;0.5;5.925925925925926
70.0;E3;0.6;6.0
70.0;E4;0.35;5.650178136925563
70.0;E4;0.5;5.74209335597093
70.0;E4;0.6;5.780628408034645
71.0;E1;0.35;3.283462686567165
71.0;E1;0.5;3.451062250827099
71.0;E1;0.6;3.614457831325301
71.0;E2;0.35;3.647265135026733
71.0;E2;0.5;4.030373075632106
71.0;E2;0.6;4.291845234427138
71.0;E3;0.35;3.962535681795808
71.0;E3;0.5;4.644787440155444
71.0;E3;0.6;4.99012164161568
71.0;E4;0.35;4.613232086459391
71.0;E4;0.5;4.700170730729695
71.0;E4;0.6;4.787109375
71.0;E5;0.35;6.327194488761849
71.0;E5;0.5;6.327194488761849
71.0;E5;0.6;6.327194488761849
72.0;E1;0.35;3.585635853184036
72.0;E1;0.5;3.776223776223776
72.0;E1;0.6;3.8461538461538463
72.0;E2;0.35;3.605866232050566
72.0;E2;0.5;4.047812766983884
72.0;E2;0.6;4.31716561429005
72.0;E3;0.35;3.9207920792079207
72.0;E3;0.5;4.547985434560397
72.0;E3;0.6;4.995281235700523
73.0;E1;0.35;3.342700729927007
73.0;E1;0.5;3.5172413793103448
73.0;E1;0.6;3.942833385147334
73.0;E2;0.35;4.073471631361438
73.0;E2;0.5;4.359296063111604
73.0;E2;0.6;4.563284267108749
73.0;E3;0.35;5.818792866493619
73.0;E3;0.5;5.834073302695781
73.0;E3;0.6;5.844260260163889
73.0;E4;0.35;4.324208396970057
73.0;E4;0.5;4.455228108353211
73.0;E4;0.6;4.542574582608647
74.0;E1;0.35;3.6416184971098255
74.0;E1;0.5;3.772590361445783
74.0;E1;0.6;3.8794037940379402
74.0;E2;0.35;4.160977801722607
74.0;E2;0.5;4.536946042425002
74.0;E2;0.6;5.273151515151515
74.0;E3;0.35;3.999215145275376
74.0;E3;0.5;4.368777457848641
74.0;E3;0.6;4.504343397786108
74.0;E4;0.35;4.595584415584416
74.0;E4;0.5;4.595584415584416
74.0;E4;0.6;4.595584415584416
75.0;E1;0.35;3.624161073825504
75.0;E1;0.5;3.830508474576271
75.0;E1;0.6;3.9546354659577014
75.0;E2;0.35;3.613209402517661
75.0;E2;0.5;3.9780744169568
75.0;E2;0.6;4.324763263236515
75.0;E3;0.35;3.7877726966657668
75.0;E3;0.5;4.017668657928435
75.0;E3;0.6;4.282265484606485
75.0;E4;0.35;5.805716108065379
75.0;E4;0.5;5.911216191582421
75.0;E4;0.6;6.201977738828512
76.0;E1;0.35;3.628132941894024
76.0;E1;0.5;3.7455681830315415
76.0;E1;0.6;4.283143736632724
76.0;E2;0.35;3.799928012407271
76.0;E2;0.5;3.986390599119737
76.0;E2;0.6;4.261357580787431
76.0;E3;0.35;6.162061993990289
76.0;E3;0.5;6.162061993990289
76.0;E3;0.6;6.162061993990289
77.0;E1;0.35;3.8580339004570847
77.0;E1;0.5;3.8876015744032504
77.0;E1;0.6;3.9073133570340275
77.0;E2;0.35;4.044933826415731
77.0;E2;0.5;4.216216216216217
77.0;E2;0.6;4.216216216216217
77.0;E3;0.35;3.471357416256728
77.0;E3;0.5;3.471357416256728
77.0;E3;0.6;3.471357416256728
78.0;E1;0.35;4.525059499645487
78.0;E1;0.5;4.626167367165466
78.0;E1;0.6;4.727275234685444
78.0;E2;0.35;3.190888561936388
78.0;E2;0.5;3.301115241635688
78.0;E2;0.6;3.3388142186452745
78.0;E4;0.35;5.652273904378804
78.0;E4;0.5;5.659943861446439
78.0;E4;0.6;5.660356330419945
79.0;E1;0.35;3.172828284009826
79.0;E1;0.5;3.203883495145631
79.0;E1;0.6;3.203883495145631
79.0;E2;0.35;4.021695361257648
79.0;E2;0.5;4.021695361257648
79.0;E2;0.6;4.021695361257648
79.0;E4;0.35;6.092991302319138
79.0;E4;0.5;6.13356628999364
79.0;E4;0.6;6.135198929486142
80.0;E1;0.35;3.466392694063927
80.0;E1;0.5;3.6568292682926833
80.0;E1;0.6;4.027681655268379
80.0;E2;0.35;4.5473251028806585
80.0;E2;0.5;5.042161653518887
80.0;E2;0.6;5.14944168870014
80.0;E3;0.35;5.262093550527147
80.0;E3;0.5;5.629551850325148
80.0;E3;0.6;5.736423877732653
80.0;E4;0.35;5.808782205212611
80.0;E4;0.5;5.822960765249345
80.0;E4;0.6;5.938820842067247
80.0;E5;0.35;4.694891586345614
80.0;E5;0.5;4.7009544856453065
80.0;E5;0.6;4.704996418511768
81.0;E1;0.35;3.2107158933822038
81.0;E1;0.5;3.2404956960025446
81.0;E1;0.6;3.2898502813066153
81.0;E2;0.35;3.4304308505537087
81.0;E2;0.5;3.5581913524733824
81.0;E2;0.6;3.62935517952285
81.0;E3;0.35;3.2680144586463165
81.0;E3;0.5;3.3410271516031926
81.0;E3;0.6;3.383193047354681
82.0;E1;0.35;3.475811191812479
82.0;E1;0.5;3.666447591436218
82.0;E1;0.6;3.9270132467576286
82.0;E2;0.35;3.7008973338321174
82.0;E2;0.5;3.9382819847872033
82.0;E2;0.6;4.026587707276772
82.0;E3;0.35;5.05560681207279
82.0;E3;0.5;6.192317706847303
82.0;E3;0.6;6.198987570291648
82.0;E4;0.35;4.849952849421393
82.0;E4;0.5;5.163085581549604
82.0;E4;0.6;5.41354826759016
83.0;E1;0.35;3.141078811369509
83.0;E1;0.5;3.153488372093024
83.0;E1;0.6;3.35803896920176
83.0;E2;0.35;3.623790046583933
83.0;E2;0.5;4.124478728993564
83.0;E2;0.6;4.328199885106267
83.0;E3;0.35;6.401650429449553
83.0;E3;0.5;6.4217814056427915
83.0;E3;0.6;6.441912381836029
83.0;E4;0.35;5.143630185481496
83.0;E4;0.5;5.155064834276944
83.0;E4;0.6;5.212400738598349
84.0;E1;0.35;4.09957627118644
84.0;E1;0.5;4.09957627118644
84.0;E1;0.6;4.09957627118644
84.0;E2;0.35;3.419282085628902
84.0;E2;0.5;3.7533090030260174
84.0;E2;0.6;3.946227636627501
84.0;E3;0.35;5.56701030927835
84.0;E3;0.5;5.56701030927835
84.0;E3;0.6;5.56701030927835
84.0;E4;0.35;5.570496468858045
84.0;E4;0.5;5.578176468826262
84.0;E4;0.6;5.583296468805074
85.0;E1;0.35;3.4527725738381543
85.0;E1;0.5;3.577844903789993
85.0;E1;0.6;3.6612264570912183
85.0;E2;0.35;3.7561093302778104
85.0;E2;0.5;4.959530521371077
85.0;E2;0.6;5.228982143634616
85.0;E3;0.35;5.104687367999316
85.0;E3;0.5;5.2152541030646224
85.0;E3;0.6;5.41103661137182
85.0;E4;0.35;3.7480401189802204
85.0;E4;0.5;3.7523531685993
85.0;E4;0.6;3.75522853501202
86.0;E1;0.35;3.340199402542426
86.0;E1;0.5;3.5658720129988746
86.0;E1;0.6;3.791544623455323
86.0;E2;0.35;3.1692977091278705
86.0;E2;0.5;3.224968562316914
86.0;E2;0.6;3.4510453434822255
86.0;E3;0.35;5.870673709846723
86.0;E3;0.5;6.030299278996634
86.0;E3;0.6;6.136716325096574
87.0;E1;0.35;4.8119670512251504
87.0;E1;0.5;4.959660814228927
87.0;E1;0.6;5.060402684563758
87.0;E2;0.35;3.9371974082879175
87.0;E2;0.5;4.893585830624279
87.0;E2;0.6;4.984848825206375
88.0;E1;0.35;3.150424004834688
88.0;E1;0.5;3.219894500697764
88.0;E1;0.6;4.222705445067401
88.0;E2;0.35;3.958053945531466
88.0;E2;0.5;4.130962773595433
88.0;E2;0.6;4.430655790288325
88.0;E3;0.35;5.471396079623993
88.0;E3;0.5;5.707802070044495
88.0;E3;0.6;5.940176044123749
90.0;E1;0.35;3.4668979591836737
90.0;E1;0.5;3.6989055861028723
90.0;E1;0.6;3.834576883833549
90.0;E2;0.35;4.171364041203135
90.0;E2;0.5;4.604127290712299
90.0;E2;0.6;4.866933997774508
90.0;E3;0.35;6.3622974963181145
90.0;E3;0.5;6.3622974963181145
90.0;E3;0.6;6.3622974963181145
90.0;E4;0.35;4.439491972632627
90.0;E4;0.5;5.657333450446977
90.0;E4;0.6;5.877424981597144
90.0;E5;0.35;3.4148138771423624
90.0;E5;0.5;3.4148138771423624
90.0;E5;0.6;3.4148138771423624
92.0;E1;0.35;3.4848531511605114
92.0;E1;0.5;3.588
92.0;E1;0.6;3.618962744656457
92.0;E2;0.35;3.9708618275387466
92.0;E2;0.5;4.357941471379338
92.0;E2;0.6;4.664470074175104
92.0;E3;0.35;3.799634862901735
92.0;E3;0.5;4.062226859639806
92.0;E3;0.6;4.205843583611959
92.0;E4;0.35;3.1317864100607737
92.0;E4;0.5;3.1317864100607737
92.0;E4;0.6;3.1317864100607737
93.0;E1;0.35;3.460956336243794
93.0;E1;0.5;3.514434783757162
93.0;E1;0.6;5.038497690088945
93.0;E2;0.35;3.5302972485158133
93.0;E2;0.5;3.691566794882241
93.0;E2;0.6;3.8117124017338235
93.0;E3;0.35;3.251494401387517
93.0;E3;0.5;3.3409392831260734
93.0;E3;0.6;3.363431584062929
94.0;E1;0.35;4.054113636363636
94.0;E1;0.5;4.332911392405062
94.0;E1;0.6;4.354058823529411
94.0;E2;0.35;4.834031256679035
94.0;E2;0.5;5.490775514905172
94.0;E2;0.6;5.655659689297128
94.0;E3;0.35;3.939766294642857
94.0;E3;0.5;4.780569196428571
94.0;E3;0.6;5.341104464285714
95.0;E1;0.35;3.384140310236819
95.0;E1;0.5;3.5040501703353777
95.0;E1;0.6;3.7334144861571446
95.0;E2;0.35;3.613387116685391
95.0;E2;0.5;3.89494044156807
95.0;E2;0.6;4.075918858043083
95.0;E3;0.35;4.620606110136714
95.0;E3;0.5;4.8719676549865225
95.0;E3;0.6;4.8719676549865225
96.0;E1;0.35;3.2496099796181177
96.0;E1;0.5;3.2496099796181177
96.0;E1;0.6;3.2804668102851147
96.0;E2;0.35;3.908145267593968
96.0;E2;0.5;4.564659175260715
96.0;E2;0.6;5.0893659010931
96.0;E3;0.35;3.656716417910448
96.0;E3;0.5;3.656716417910448
96.0;E3;0.6;3.656716417910448
97.0;E1;0.35;4.123295454545453
97.0;E1;0.5;4.424999999999999
97.0;E1;0.6;4.424999999999999
97.0;E2;0.35;3.5592382913021097
97.0;E2;0.5;3.691216327781866
97.0;E2;0.6;3.8254816342932063
97.0;E3;0.35;6.2226849315068495
97.0;E3;0.5;6.2226849315068495
97.0;E3;0.6;6.2226849315068495
98.0;E2;0.35;3.941196624647459
98.0;E2;0.5;4.167876502546765
98.0;E2;0.6;4.413663487217771
98.0;E3;0.35;4.545760537393798
98.0;E3;0.5;4.545760537393798
98.0;E3;0.6;4.545760537393798
99.0;E1;0.35;3.7438376691096114
99.0;E1;0.5;3.7438376691096114
99.0;E1;0.6;3.7438376691096114
99.0;E2;0.35;5.3080228809217065
99.0;E2;0.5;5.329040129460331
99.0;E2;0.6;5.343051628486082
100.0;E1;0.35;4.166517857142857
100.0;E1;0.5;4.342881286982248
100.0;E1;0.6;4.484210526315789
100.0;E2;0.35;3.6902571428571433
100.0;E2;0.5;3.886390412480044
100.0;E2;0.6;4.2082246938775505
100.0;E3;0.35;5.703065650821013
100.0;E3;0.5;5.769818895939384
100.0;E3;0.6;5.885393254561168
100.0;E4;0.35;5.247058823529413
100.0;E4;0.5;5.788638655462185
100.0;E4;0.6;5.788638655462185
101.0;E2;0.35;5.163830516610203
101.0;E2;0.5;5.163830516610203
101.0;E2;0.6;5.163830516610203
101.0;E3;0.35;3.7903594319770457
101.0;E3;0.5;3.7903594319770457
101.0;E3;0.6;3.7903594319770457
102.0;E1;0.35;3.791512915129151
102.0;E1;0.5;3.8519473040444696
102.0;E1;0.6;3.912381692959788
102.0;E2;0.35;3.4935477782318087
102.0;E2;0.5;4.2871590720045
102.0;E2;0.6;4.57477054671311
102.0;E3;0.35;4.453575442790504
102.0;E3;0.5;4.795119392379117
102.0;E3;0.6;4.820352135168223
103.0;E1;0.35;3.4468085106382977
103.0;E1;0.5;3.481375358166189
103.0;E1;0.6;3.5926935581550152
103.0;E2;0.35;4.768533305774988
103.0;E2;0.5;4.950854084003415
103.0;E2;0.6;5.078246323212337
103.0;E3;0.35;4.533582089552239
103.0;E3;0.5;5.009439252336448
103.0;E3;0.6;5.5
103.0;E4;0.35;3.1090654229105903
103.0;E4;0.5;3.110655737704918
103.0;E4;0.6;3.110655737704918
104.0;E2;0.35;3.9188782410783407
104.0;E2;0.5;4.305772230889236
104.0;E2;0.6;4.819631603475711
104.0;E3;0.35;5.351966616658671
104.0;E3;0.5;5.915492957746479
104.0;E3;0.6;5.915492957746479
104.0;E4;0.35;6.09271523178808
104.0;E4;0.5;6.09271523178808
104.0;E4;0.6;6.09271523178808
105.0;E1;0.35;3.2050297793999842
105.0;E1;0.5;3.2864972542075983
105.0;E1;0.6;3.3552631578947367
105.0;E2;0.35;3.396068767908309
105.0;E2;0.5;4.467679994696673
105.0;E2;0.6;4.578428199995071
105.0;E3;0.35;4.923159958319429
105.0;E3;0.5;5.043523404255319
105.0;E3;0.6;5.113390395136777
106.0;E1;0.35;3.6372922642765797
106.0;E1;0.5;3.9113558646030335
106.0;E1;0.6;3.9113558646030335
106.0;E2;0.35;5.431632506447313
106.0;E2;0.5;5.690227129467271
106.0;E2;0.6;6.0
106.0;E3;0.35;5.001251564455569
106.0;E3;0.5;5.294117647058823
106.0;E3;0.6;5.7039848197343455
107.0;E1;0.35;4.021678514654743
107.0;E1;0.5;5.115012419274714
107.0;E1;0.6;5.84390168902136
107.0;E2;0.35;4.82159201060348
107.0;E2;0.5;5.571611822739005
107.0;E2;0.6;5.582194799611529
107.0;E3;0.35;5.048543689320389
107.0;E3;0.5;5.421482668168406
107.0;E3;0.6;5.460708044960114
108.0;E2;0.35;4.109887603506573
108.0;E2;0.5;5.3133613332056
108.0;E2;0.6;5.462775798242658
108.0;E4;0.35;3.87134468799249
108.0;E4;0.5;3.87134468799249
108.0;E4;0.6;3.87134468799249
109.0;E2;0.35;3.972610587763751
109.0;E2;0.5;4.014264795089572
109.0;E2;0.6;4.042034266640118
109.0;E3;0.35;4.1536574018660595
109.0;E3;0.5;4.284682485258028
109.0;E3;0.6;4.372032540852673
110.0;E1;0.35;3.969670898188134
110.0;E1;0.5;4.267941986372521
110.0;E1;0.6;4.4878534306793885
110.0;E2;0.35;3.4419404000563896
110.0;E2;0.5;3.5862380422837776
110.0;E2;0.6;3.744490908705627
110.0;E3;0.35;4.672643769975126
110.0;E3;0.5;5.224414299306947
110.0;E3;0.6;5.921824104234528
110.0;E4;0.35;3.87737459214275
110.0;E4;0.5;4.102912948056254
110.0;E4;0.6;4.256712139446012
111.0;E1;0.35;3.7305851960786436
111.0;E1;0.5;4.575146895052693
111.0;E1;0.6;5.138188027702059
111.0;E2;0.35;4.092077150255485
111.0;E2;0.5;4.411671614937978
111.0;E2;0.6;4.583704407625005
111.0;E3;0.35;3.771733522433281
111.0;E3;0.5;4.958816897011637
111.0;E3;0.6;5.750205813397207
112.0;E1;0.35;3.3170407994011395
112.0;E1;0.5;3.7764067438666995
112.0;E1;0.6;4.082650706843739
112.0;E2;0.35;3.4280965816777544
112.0;E2;0.5;3.4493985577733994
112.0;E2;0.6;3.773070791285861
112.0;E3;0.35;4.687419412202029
112.0;E3;0.5;4.791261858087411
112.0;E3;0.6;4.889272244855799
112.0;E4;0.35;3.6863551668416337
112.0;E4;0.5;3.686355166841634
112.0;E4;0.6;3.6883491385343143
113.0;E1;0.35;4.164638578956879
113.0;E1;0.5;4.164638578956879
113.0;E1;0.6;4.164638578956879
113.0;E2;0.35;5.9897771678273
113.0;E2;0.5;6.092586520214029
113.0;E2;0.6;6.161126088471848
113.0;E3;0.35;3.8437282647404363
113.0;E3;0.5;5.039586222483344
113.0;E3;0.6;5.836824860978615
114.0;E2;0.35;3.254566088725153
114.0;E2;0.5;3.5122351472681745
114.0;E2;0.6;4.099833422856767
114.0;E3;0.35;5.69620253164557
114.0;E3;0.5;5.69620253164557
114.0;E3;0.6;5.69620253164557
114.5;E2;0.35;4.28536354932301
114.5;E2;0.5;4.28536354932301
114.5;E2;0.6;4.28536354932301
114.5;E3;0.35;5.123639734362897
114.5;E3;0.5;5.123639734362897
114.5;E3;0.6;5.123639734362897
115.0;E1;0.35;3.456442451559289
115.0;E1;0.5;3.6408668730650153
115.0;E1;0.6;4.05576531904158
115.0;E2;0.35;3.90572576340375
115.0;E2;0.5;4.1339653616867675
115.0;E2;0.6;4.56985405239589
115.0;E3;0.35;3.7903790925862846
115.0;E3;0.5;4.398711539544577
115.0;E3;0.6;4.953442913611645
115.0;E4;0.35;3.7006933089591665
115.0;E4;0.5;3.7779520964739355
115.0;E4;0.6;3.960215037935392
116.0;E1;0.35;3.9130752314720896
116.0;E1;0.5;4.064171122994653
116.0;E1;0.6;4.064171122994653
116.0;E2;0.35;3.858969263159628
116.0;E2;0.5;4.160826129006274
116.0;E2;0.6;4.362064039570704
116.0;E3;0.35;5.967670193782269
116.0;E3;0.5;5.967670193782269
116.0;E3;0.6;5.967670193782269
117.0;E2;0.35;3.375395248847926
117.0;E2;0.5;4.501737142857142
117.0;E2;0.6;5.14395726547137
118.0;E1;0.35;3.630583577082536
118.0;E1;0.5;3.937984629242533
118.0;E1;0.6;4.21888762082757
118.0;E2;0.35;4.139088118957558
118.0;E2;0.5;4.346368275573645
118.0;E2;0.6;4.8811897202399885
118.0;E3;0.35;3.595719555174684
118.0;E3;0.5;3.6951447974935356
118.0;E3;0.6;3.76142829237277
118.0;E4;0.35;4.043091624186211
118.0;E4;0.5;4.0486520387072
118.0;E4;0.6;4.0486520387072
119.0;E3;0.35;6.213777112449733
119.0;E3;0.5;6.213777112449733
119.0;E3;0.6;6.213777112449733
120.0;E1;0.35;3.3527345377079003
120.0;E1;0.5;3.78579269784212
120.0;E1;0.6;3.826969210174884
120.0;E2;0.35;3.6076775960757135
120.0;E2;0.5;4.103914906521325
120.0;E2;0.6;4.403870515992766
120.0;E3;0.35;4.016806722689076
120.0;E3;0.5;4.192139737991266
120.0;E3;0.6;4.557831325301204
120.0;E4;0.35;3.7321681339498114
120.0;E4;0.5;3.743235746487864
120.0;E4;0.6;3.82646631379665
121.0;E1;0.35;3.769396551724138
121.0;E1;0.5;3.769396551724138
121.0;E1;0.6;3.769396551724138
121.0;E3;0.35;4.102877693809943
121.0;E3;0.5;4.102877693809943
121.0;E3;0.6;4.102877693809943
122.0;E2;0.35;3.3829519960835337
122.0;E2;0.5;3.710110934141767
122.0;E2;0.6;3.7882674492508746
122.0;E3;0.35;5.700526653557632
122.0;E3;0.5;6.36285533596838
122.0;E3;0.6;6.3850958983853925
122.0;E4;0.35;5.933218067870691
122.0;E4;0.5;5.933218067870691
122.0;E4;0.6;5.933218067870691
123.0;E1;0.35;3.877481228475192
123.0;E1;0.5;3.877481228475192
123.0;E1;0.6;3.877481228475192
123.0;E2;0.35;3.671746706200284
123.0;E2;0.5;3.671746706200284
123.0;E2;0.6;3.769118994541507
123.0;E3;0.35;3.410173637642832
123.0;E3;0.5;3.523526376865335
123.0;E3;0.6;3.5990948696803367
123.0;E4;0.35;4.61409659223307
123.0;E4;0.5;4.61409659223307
123.0;E4;0.6;4.61409659223307
124.0;E1;0.35;3.4855780559555427
124.0;E1;0.5;3.4855780559555427
124.0;E1;0.6;3.4855780559555427
124.0;E2;0.35;4.284342338099531
124.0;E2;0.5;4.390458664243531
124.0;E2;0.6;4.390458664243531
124.0;E3;0.35;5.884579264208608
124.0;E3;0.5;6.0520041789741335
124.0;E3;0.6;6.163620788817816
125.0;E1;0.35;4.243177671518084
125.0;E1;0.5;4.341801711125278
125.0;E1;0.6;4.358739819231099
125.0;E2;0.35;3.3887578309888937
125.0;E2;0.5;4.118751550173995
125.0;E2;0.6;4.681547492609087
125.0;E3;0.35;3.882694588480649
125.0;E3;0.5;3.924398661800878
125.0;E3;0.6;3.9453224174948813
125.0;E4;0.35;3.623212669330673
125.0;E4;0.5;5.606292820054367
125.0;E4;0.6;5.685293059015288
126.0;E1;0.35;6.208142732670214
126.0;E1;0.5;6.208142732670214
126.0;E1;0.6;6.208142732670214
126.0;E2;0.35;4.619706478939927
126.0;E2;0.5;4.627998540348008
126.0;E2;0.6;4.656260715047251
126.0;E3;0.35;3.4106017890511797
126.0;E3;0.5;3.7856353596661885
126.0;E3;0.6;4.0132839091285755
127.0;E2;0.35;4.250379436964504
127.0;E2;0.5;4.250379436964504
127.0;E2;0.6;4.250379436964504
128.0;E2;0.35;3.405384400435679
128.0;E2;0.5;3.422572963268545
128.0;E2;0.6;3.4281001131041764
128.0;E3;0.35;3.227454345927336
128.0;E3;0.5;3.230005837751107
128.0;E3;0.6;3.2317068323002873
128.0;E4;0.35;4.9358870308224
128.0;E4;0.5;4.9358870308224
128.0;E4;0.6;4.9358870308224
130.0;E1;0.35;3.5188690225189645
130.0;E1;0.5;3.5188690225189645
130.0;E1;0.6;3.5188690225189645
130.0;E2;0.35;3.6065846249145057
130.0;E2;0.5;3.67256613903994
130.0;E2;0.6;3.806438537789877
130.0;E3;0.35;5.089763465082665
130.0;E3;0.5;5.2318440684620695
130.0;E3;0.6;5.249609243567204
130.0;E4;0.35;3.6803107769227337
130.0;E4;0.5;3.719492403284432
130.0;E4;0.6;3.7274330725229787
132.0;E2;0.35;4.197447734352502
132.0;E2;0.5;4.197447734352502
132.0;E2;0.6;4.197447734352502
132.0;E4;0.35;3.6407022765908628
132.0;E4;0.5;4.066094406686291
132.0;E4;0.6;4.349689160083244
133.0;E2;0.35;3.5564627572513645
133.0;E2;0.5;3.5926595604226845
133.0;E2;0.6;3.616790762536898
133.0;E3;0.35;4.177485660439707
133.0;E3;0.5;4.801784319100044
133.0;E3;0.6;5.364629630658502
135.0;E1;0.35;3.1023228838921444
135.0;E1;0.5;3.1023228838921444
135.0;E1;0.6;3.1023228838921444
135.0;E2;0.35;3.4800950922994582
135.0;E2;0.5;3.6018206490870632
135.0;E2;0.6;3.6311882791375325
135.0;E3;0.35;3.289854053103569
135.0;E3;0.5;4.63407772111834
135.0;E3;0.6;5.530226833128187
136.0;E1;0.35;4.149260099501557
136.0;E1;0.5;4.212419234803162
136.0;E1;0.6;4.233466666666667
136.0;E2;0.35;3.327915540700371
136.0;E2;0.5;3.4584268296895555
136.0;E2;0.6;3.4619044292104437
136.0;E3;0.35;5.409038037230314
136.0;E3;0.5;5.994445310726563
136.0;E3;0.6;5.998389547521697
137.0;E3;0.35;5.935949061775071
137.0;E3;0.5;5.935949061775071
137.0;E3;0.6;5.935949061775071
138.0;E1;0.35;5.838496756479641
138.0;E1;0.5;6.087750201080081
138.0;E1;0.6;6.087750201080081
138.0;E3;0.35;3.870224404702421
138.0;E3;0.5;3.898176030222474
138.0;E3;0.6;3.916810447235843
140.0;E1;0.35;3.0930989606868504
140.0;E1;0.5;3.4122781309471577
140.0;E1;0.6;3.731457301207465
140.0;E2;0.35;4.050193479160694
140.0;E2;0.5;4.363782589359087
140.0;E2;0.6;5.752161222617191
140.0;E3;0.35;4.377224199288256
140.0;E3;0.5;4.979757085020243
140.0;E3;0.6;4.979757085020243
142.0;E1;0.35;5.448898260886167
142.0;E1;0.5;5.737926764739772
142.0;E1;0.6;5.737926764739772
142.0;E2;0.35;3.831026811050253
142.0;E2;0.5;4.219355019988168
142.0;E2;0.6;4.252039821629953
142.0;E3;0.35;5.735517400350627
142.0;E3;0.5;5.796250873815624
142.0;E3;0.6;5.796250873815624
143.0;E1;0.35;4.739961839060661
143.0;E1;0.5;4.803007838464776
143.0;E1;0.6;4.803007838464776
143.0;E2;0.35;4.71442076595087
143.0;E2;0.5;5.676503816641182
143.0;E2;0.6;5.697444255153772
143.0;E3;0.35;5.80323042259406
143.0;E3;0.5;5.984961253727246
143.0;E3;0.6;6.006964787748301
144.0;E2;0.35;4.497423580040459
144.0;E2;0.5;4.777074047707424
144.0;E2;0.6;4.963507692818734
144.0;E3;0.35;6.183741016360974
144.0;E3;0.5;6.183741016360974
144.0;E3;0.6;6.183741016360974
145.0;E1;0.35;3.7389363898195493
145.0;E1;0.5;4.537212954799271
145.0;E1;0.6;5.069397331452419
145.0;E2;0.35;3.454283185840708
145.0;E2;0.5;3.481404063874715
145.0;E2;0.6;3.678689285237117
145.0;E3;0.35;6.114754483082317
145.0;E3;0.5;6.126313881841247
145.0;E3;0.6;6.135084427767355
146.0;E2;0.35;3.5198015982324957
146.0;E2;0.5;3.5198015982324957
146.0;E2;0.6;3.5198015982324957
146.0;E3;0.35;5.890134146341463
146.0;E3;0.5;5.890134146341463
146.0;E3;0.6;5.890134146341463
147.0;E4;0.35;4.132043258408957
147.0;E4;0.5;4.132043258408957
147.0;E4;0.6;4.132043258408957
150.0;E1;0.35;3.4492833050461034
150.0;E1;0.5;4.166794318066673
150.0;E1;0.6;4.64513499341372
150.0;E2;0.35;3.25869232807912
150.0;E2;0.5;3.532049343906427
150.0;E2;0.6;4.228272841600313
150.0;E3;0.35;5.713389405309068
150.0;E3;0.5;5.879631440923959
150.0;E3;0.6;5.882187559580332
150.0;E4;0.35;4.273784505387472
150.0;E4;0.5;4.374410444062828
150.0;E4;0.6;4.376006893706288
152.0;E3;0.35;5.364384454925083
152.0;E3;0.5;5.467931187633017
152.0;E3;0.6;5.474166000845825
154.0;E1;0.35;3.369738027151553
154.0;E1;0.5;3.398455195809825
154.0;E1;0.6;3.437528107694011
154.0;E2;0.35;3.8766712609202902
154.0;E2;0.5;4.012560222903719
154.0;E2;0.6;4.091947788510014
154.0;E4;0.35;3.5393835117163603
154.0;E4;0.5;3.5393835117163603
154.0;E4;0.6;3.5393835117163603
155.0;E2;0.35;3.2426387279779885
155.0;E2;0.5;3.2794077000710735
155.0;E2;0.6;3.2815384770757885
155.0;E3;0.35;5.729729729729731
155.0;E3;0.5;5.870660239874095
155.0;E3;0.6;6.011590750018459
160.0;E2;0.35;3.346842200980647
160.0;E2;0.5;3.4316441801656
160.0;E2;0.6;3.5016147361629795
160.0;E3;0.35;5.521895141649747
160.0;E3;0.5;5.597032596088766
160.0;E3;0.6;5.598132983619342
160.0;E4;0.35;3.8764126213839374
160.0;E4;0.5;3.8764126213839374
160.0;E4;0.6;3.8764126213839374
165.0;E3;0.35;5.463312
165.0;E3;0.5;5.463312
165.0;E3;0.6;5.463312
166.0;E3;0.35;5.368144846796658
166.0;E3;0.5;5.368144846796658
166.0;E3;0.6;5.368144846796658
168.0;E2;0.35;4.4006124045858135
168.0;E2;0.5;4.924927510067594
168.0;E2;0.6;5.274470913722113
168.0;E3;0.35;5.200961924599734
168.0;E3;0.5;5.211484304994617
168.0;E3;0.6;5.214288380360949
170.0;E2;0.35;3.2169863893580164
170.0;E2;0.5;3.266814638741761
170.0;E2;0.6;3.441840839722379
170.0;E3;0.35;3.9470620035914776
170.0;E3;0.5;5.009896651843508
170.0;E3;0.6;5.144288143368363
170.0;E4;0.35;3.324094290309832
170.0;E4;0.5;3.384679240923012
170.0;E4;0.6;3.384679240923012
175.0;E1;0.35;3.36692264081723
175.0;E1;0.5;4.227075314729689
175.0;E1;0.6;4.800510430671328
175.0;E2;0.35;4.015128468934646
175.0;E2;0.5;4.059138653320856
175.0;E2;0.6;4.0884787762449974
175.0;E3;0.35;3.272831272499656
175.0;E3;0.5;4.119469948846264
175.0;E3;0.6;4.966108625192873
175.0;E4;0.35;3.779921358868683
175.0;E4;0.5;3.779921358868683
175.0;E4;0.6;3.779921358868683
180.0;E1;0.35;6.463823511111416
180.0;E1;0.5;6.463823511111416
180.0;E1;0.6;6.463823511111416
180.0;E3;0.35;4.92213646328662
180.0;E3;0.5;4.92882750293821
180.0;E3;0.6;4.933288196039271
185.0;E2;0.35;3.125544673597956
185.0;E2;0.5;3.299632022083104
185.0;E2;0.6;3.4156902544065364
185.0;E3;0.35;4.513942904270452
185.0;E3;0.5;4.520270270270271
185.0;E3;0.6;4.520270270270271
185.0;E4;0.35;3.45039893065346
185.0;E4;0.5;3.657392895255758
185.0;E4;0.6;3.7953888716572903
190.0;E2;0.35;3.410725373396753
190.0;E2;0.5;3.5179439203023604
190.0;E2;0.6;3.5894229515727654
190.0;E3;0.35;4.424408094435076
190.0;E3;0.5;4.424408094435076
190.0;E3;0.6;4.424408094435076
195.0;E2;0.35;5.027946345645033
195.0;E2;0.5;5.027946345645033
195.0;E2;0.6;5.027946345645033
195.0;E3;0.35;4.209078404401651
195.0;E3;0.5;4.209078404401651
195.0;E3;0.6;4.209078404401651
200.0;E1;0.35;3.7646901434356166
200.0;E1;0.5;3.7646901434356166
200.0;E1;0.6;3.7646901434356166
200.0;E2;0.35;4.214388685126072
200.0;E2;0.5;4.446373383389893
200.0;E2;0.6;4.52778947368421
200.0;E3;0.35;3.98607043167582
200.0;E3;0.5;3.996764441408598
200.0;E3;0.6;4.056230381686752
200.0;E4;0.35;3.7455174119761274
200.0;E4;0.5;3.7455174119761274
200.0;E4;0.6;3.7455174119761274
202.0;E2;0.35;4.515474850884144
202.0;E2;0.5;4.519888804795077
202.0;E2;0.6;4.519888804795077
202.0;E3;0.35;3.204743879593343
202.0;E3;0.5;3.2184429800338443
202.0;E3;0.6;3.2275757136608454
205.0;E2;0.35;3.280937106918239
205.0;E2;0.5;3.280937106918239
205.0;E2;0.6;3.280937106918239
205.0;E3;0.35;4.564703809268068
205.0;E3;0.5;4.576043859649123
205.0;E3;0.6;4.586811021671827
205.0;E4;0.35;4.720986425339366
205.0;E4;0.5;4.720986425339366
205.0;E4;0.6;4.720986425339366
213.0;E1;0.35;4.773234200743495
213.0;E1;0.5;4.773234200743495
213.0;E1;0.6;4.773234200743495
220.0;E1;0.35;3.4561509992598083
220.0;E1;0.5;3.5839022086919075
220.0;E1;0.6;3.711653418124007
220.0;E2;0.35;3.778861335889911
220.0;E2;0.5;4.404311369428468
220.0;E2;0.6;4.633554777691887
220.0;E3;0.35;3.6577287164235246
220.0;E3;0.5;3.6577287164235246
220.0;E3;0.6;3.6577287164235246
225.0;E2;0.35;4.209622849655283
225.0;E2;0.5;4.457617985275559
225.0;E2;0.6;4.705613120895834
226.0;E2;0.35;4.225015177583429
226.0;E2;0.5;4.5062831970939
226.0;E2;0.6;4.787551216604372
228.0;E1;0.35;6.072151898734177
228.0;E1;0.5;6.072151898734177
228.0;E1;0.6;6.072151898734177
230.0;E2;0.35;3.732548904381702
230.0;E2;0.5;3.7342322547595046
230.0;E2;0.6;3.7342322547595046
230.0;E4;0.35;5.323467677935214
230.0;E4;0.5;5.326037883884542
230.0;E4;0.6;5.327751354517426
236.0;E2;0.35;6.119999999999999
236.0;E2;0.5;6.119999999999999
236.0;E2;0.6;6.119999999999999
236.0;E3;0.35;3.1836360801298347
236.0;E3;0.5;3.2490371456398326
236.0;E3;0.6;3.3412528237828707
236.0;E4;0.35;3.1376814294142474
236.0;E4;0.5;3.140199632808641
236.0;E4;0.6;3.141921491115199
240.0;E2;0.35;3.310425685071748
240.0;E2;0.5;3.692376457365343
240.0;E2;0.6;4.054391739206096
240.0;E3;0.35;3.3561753794184077
240.0;E3;0.5;3.5051546391752577
240.0;E3;0.6;4.063745019920319
240.0;E4;0.35;3.074407764603785
240.0;E4;0.5;3.074407764603785
240.0;E4;0.6;3.074407764603785
250.0;E1;0.35;4.567720551789455
250.0;E1;0.5;4.567720551789455
250.0;E1;0.6;4.567720551789455
250.0;E2;0.35;5.195372811610532
250.0;E2;0.5;5.434531555092683
250.0;E2;0.6;5.501247031983846
250.0;E3;0.35;4.485031100911046
250.0;E3;0.5;4.485031100911046
250.0;E3;0.6;4.485031100911046
251.0;E3;0.35;3.859486739243686
251.0;E3;0.5;3.859486739243686
251.0;E3;0.6;3.859486739243686
260.0;E2;0.35;3.4536574307304786
260.0;E2;0.5;3.457437878476832
260.0;E2;0.6;3.4606323168634647
260.0;E3;0.35;6.145317073170732
260.0;E3;0.5;6.145317073170732
260.0;E3;0.6;6.145317073170732
270.0;E1;0.35;3.4814932302040664
270.0;E1;0.5;3.5712966940481135
270.0;E1;0.6;3.6575996061022105
270.0;E2;0.35;3.6057178308016375
270.0;E2;0.5;3.608551771983824
270.0;E2;0.6;3.608551771983824
270.0;E3;0.35;3.1333244680851067
270.0;E3;0.5;3.1333244680851067
270.0;E3;0.6;3.1333244680851067
280.0;E2;0.35;5.229129996926418
280.0;E2;0.5;5.229129996926418
280.0;E2;0.6;5.229129996926418
280.0;E3;0.35;3.8952701703119526
280.0;E3;0.5;3.976721084082313
280.0;E3;0.6;4.012873093937607
300.0;E1;0.35;5.647989500102021
300.0;E1;0.5;5.952893817588249
300.0;E1;0.6;6.156163362579067
300.0;E2;0.35;3.536543903843743
300.0;E2;0.5;3.812328030033173
300.0;E2;0.6;3.8136832835099
300.0;E3;0.35;3.285004376117233
300.0;E3;0.5;4.22603888449291
300.0;E3;0.6;5.144419909603822
300.0;E4;0.35;3.2277313930843823
300.0;E4;0.5;5.072884291972488
300.0;E4;0.6;5.072884291972488
310.0;E2;0.35;3.1574317224329165
310.0;E2;0.5;3.158735189498734
310.0;E2;0.6;3.159604167542613
314.0;E1;0.35;5.697419468948954
314.0;E1;0.5;5.697419468948954
314.0;E1;0.6;5.697419468948954
314.0;E2;0.35;6.027330274860407
314.0;E2;0.5;6.10066787969363
314.0;E2;0.6;6.149559616249111
340.0;E3;0.35;4.817704125122431
340.0;E3;0.5;4.852018257067747
340.0;E3;0.6;4.886332389013063
400.0;E1;0.35;6.012186046511628
400.0;E1;0.5;6.012186046511628
400.0;E1;0.6;6.012186046511628
400.0;E2;0.35;5.216932941783111
400.0;E2;0.5;5.326029419218018
400.0;E2;0.6;5.382543557749913
